Код;Каталожный номер;Наименование; Цена ;Диллер;Нал;Метка;Категория;Машина;Класс;Производитель;Фото
нгурз;;Ремкомплект насоса ГУРа ЗИЛ; -  грн. ;9гр.;9гр.;;Ремкомплект;Прочее;Г;Украина;
нгуркам;;Ремкомплект насоса ГУРа Камаз; 5,00грн. ;0гр.;0гр.;;Ремкомплект;Прочее;Г;Россия;
нзил;;Набор прокл.двиг. ЗИЛ; -  грн. ;0гр.;0гр.;;Ремкомплект;Прочее;Г;Украина;
нкам;;Набор прокл.двиг. КАМАЗ; 68,00грн. ;0гр.;0гр.;;Ремкомплект;Прочее;Г;Россия;
нмтз;;Набор прокл.двиг. МТЗ; -  грн. ;0гр.;0гр.;;Ремкомплект;Прочее;Г;Украина;
нпа;;Набор поднятия авто AVEO (перед+зад); 170,00грн. ;160гр.;160гр.;;Прочее;ЗАЗ Daewoo;В;Украина;
нпл;;Набор поднятия авто Lanos (перед+зад); 110,00грн. ;100гр.;90гр.;;Прочее;ЗАЗ Daewoo;В;Украина;
нпл1;;Набор поднятия авто Lanos (перед); 50,00грн. ;45гр.;45гр.;;Прочее;ЗАЗ Daewoo;В;Украина;
нплач;;Набор поднятия авто Lacetti (перед+зад); 250,00грн. ;225гр.;215гр.;;Прочее;ЗАЗ Daewoo;В;Украина;ф
нпн;;Набор поднятия авто Nexia (перед+зад); 120,00грн. ;110гр.;110гр.;;Прочее;ЗАЗ Daewoo;В;Украина;
нт16;;Набор прокл.двиг. Т-16; -  грн. ;0гр.;0гр.;;Ремкомплект;Прочее;Г;Украина;
нт40;;Набор прокл. Двиг. Т-40; -  грн. ;0гр.;0гр.;;Ремкомплект;Прочее;Г;Украина;
об;402-2902622;Отбойник рычага Москвич М-412 (нижний); 7,50грн. ;7гр.;7гр.;;Отбойник;Москвич М-412;В;Украина;
обв;12-2902622-А;Отбойник рычага ГАЗ-24 (нижний); 15,00грн. ;14гр.;14гр.;;Отбойник;ГАЗ-24;В;Украина;
обг;402-2902622;Отбойник рычага Москвич М-412 (с гайкой) (нижний); -  грн. ;0гр.;0гр.;;Отбойник;Москвич М-412;В;Украина;
обж;402-2902622;Отбойник рычага Москвич М-412 (нижний) (желтый); 12,00грн. ;10гр.;10гр.;;Отбойник;Москвич М-412;В;Украина;
обр;52-2913428;Подушка задней дополнительной рессоры Г-53, Г-ль; 14,00грн. ;13гр.;13гр.;;Подушка;ГАЗель;Г;Украина;
обрв;52-2913428;Подушка задней дополнительной рессоры Г-53, Г-ль; 33,00грн. ;30гр.;30гр.;;Подушка;ГАЗель;Г;VIGO;
обрз;52-2913428;Подушка задней дополнительной рессоры Г-53, Г-ль (завод); -  грн. ;0гр.;0гр.;;Подушка;ГАЗель;Г;Украина;
обрк;;Отбойн.рессоры Камаз; -  грн. ;0гр.;0гр.;;Подушка;Прочее;Г;Украина;
обрл;214.2902430А2;Подушка рессоры КРАЗ, ЛАЗ, Т-150; -  грн. ;22гр.;22гр.;;Подушка;Прочее;Г;Украина;
обру;451Д-2902430;Подушка рессоры УАЗ; 15,00грн. ;14гр.;14гр.;;Подушка;УАЗ;Г;Украина;
обруз;451Д-2902430;Подушка рессоры УАЗ завод; -  грн. ;0гр.;0гр.;;Подушка;УАЗ;В;Украина;
обфк;;Отбойник фаркопа Камаз; -  грн. ;0гр.;0гр.;;Отбойник;Прочее;Г;Украина;
ог;14-2912622;Отбойник передний ГАЗель; 30,00грн. ;25гр.;25гр.;;Отбойник;ГАЗель;В;Украина;
од;;Отбойник двери ГАЗель; -  грн. ;0гр.;0гр.;;Отбойник;ГАЗель;Г;Украина;
одлаз;;Ремкомплект открывания дверей ЛАЗ; -  грн. ;6гр.;6гр.;;Ремкомплект;Прочее;Г;Украина;
одпаз;;Ремкомплект открывания дверей ПАЗ; -  грн. ;0гр.;0гр.;;Ремкомплект;Прочее;Г;Украина;
одпазн;;Ремкомплект откр.двери ПАЗ нового обр; -  грн. ;16гр.;16гр.;;Ремкомплект;Прочее;Г;Украина;
одпазп;;Ремкомплект откр.двер.ПАЗ полн; -  грн. ;0гр.;0гр.;;Ремкомплект;Прочее;Г;Украина;
ож;2101-2912622;Отбойник переднего рычага ВАЗ-2101; 8,00грн. ;7гр.;6гр.;;Отбойник;ВАЗ-2101;В;Украина;
озас;;Отбойник заднего амортизатора Lanos, Сенс 2 к-та; 18,00грн. ;16гр.;16гр.;;Отбойник;ЗАЗ Daewoo;В;Украина;
ом;402-2902654-А;Отбойник рычага Москвич М-412 (верхний); 7,00грн. ;7гр.;7гр.;;Отбойник;Москвич М-412;В;Украина;
омв;24-2902654;Буфер рычагов подвески ГАЗ-24  (верхний); -  грн. ;0гр.;0гр.;;Отбойник;ГАЗ-24;В;Украина;
опас;;Отбойник передней стойки  Сенс; 20,00грн. ;18гр.;18гр.;;Отбойник;ЗАЗ Daewoo;В;Украина;
п01в;2101-1303025;Патрубок радиатора 2101 верх; 42,00грн. ;40гр.;40гр.;;Патрубки;ВАЗ-2101;В;Волгопромтранс;
п01к;;Патрубки радиатора 2101 (Комплект 4 шт.); 100,00грн. ;97гр.;97гр.;;Патрубки;ВАЗ-2101;В;Волгопромтранс;
п01кор;2101-1303092;Патрубки радиатора 2101 (корот); 10,00грн. ;9гр.;9гр.;;Патрубки;ВАЗ-2101;В;Волгопромтранс;
п01у;2101-1303090;Патрубки радиатора 2101 (угол); 22,00грн. ;20гр.;20гр.;;Патрубки;ВАЗ-2101;В;Волгопромтранс;
п01х;2101-1303010;Патрубки радиатора 2101 (нижний); 30,00грн. ;28гр.;28гр.;;Патрубки;ВАЗ-2101;В;Волгопромтранс;
п05ав;2105-1303025-10;Патрубок радиатора 2105 ал. (верх); 55,00грн. ;50гр.;50гр.;;Патрубки;ВАЗ-2101;В;Волгопромтранс;
п05ан;2105-1303010;Патрубок радиатора 2105 ал. (ниж); 33,00грн. ;30гр.;30гр.;;Патрубки;ВАЗ-2101;В;Волгопромтранс;
п08ив;21082-1303025;Патрубки радиатора 2108і (верх); 48,00грн. ;45гр.;45гр.;;Патрубки;ВАЗ-2108;В;Волгопромтранс;
п08ин;21082-1303010;Патрубки радиатора 2108і (ниж); 48,00грн. ;45гр.;45гр.;;Патрубки;ВАЗ-2108;В;Волгопромтранс;
п08к;;Патрубки радиатора 2108 (Комплект); -  грн. ;0гр.;0гр.;;Патрубки;ВАЗ-2108;В;Волгопромтранс;
п08кор;2108-1303092;Патрубки радиатора 2108 (корот); 10,00грн. ;8гр.;8гр.;;Патрубки;ВАЗ-2108;В;Волгопромтранс;
п1;24х45х30;Пыльник силиконовый 24х45х30; 12,00грн. ;6гр.;6гр.;;Пыльник;Прочее;В;Украина;д
п10;18х38х30;Пыльник силиконовый 18х38х33; 12,00грн. ;6гр.;6гр.;;Пыльник;Прочее;В;Украина;д
п11;14х35х30;Пыльник силиконовый 14х35х30; 12,00грн. ;6гр.;6гр.;;Пыльник;Прочее;В;Украина;д
п12;19х30х24;Пыльник силиконовый 19х30х24; 12,00грн. ;6гр.;6гр.;;Пыльник;Прочее;В;Украина;д
п13;11х24х18;Пыльник силиконовый 11х24х22; 12,00грн. ;6гр.;6гр.;;Пыльник;Прочее;В;Украина;д
п14;19х39х34;Пыльник силиконовый 19х39х34; 12,00грн. ;6гр.;6гр.;;Пыльник;Прочее;В;Украина;д
п15;14х37;Пыльник силиконовый 14х37; 12,00грн. ;6гр.;6гр.;;Пыльник;Прочее;В;Украина;
п16;7х25х16;Пыльник силиконовый 7х26; 12,00грн. ;6гр.;6гр.;;Пыльник;Прочее;В;Украина;д
п17;11х25х20;Пыльник силиконовый 11х25х28; 12,00грн. ;6гр.;6гр.;;Пыльник;Прочее;В;Украина;д
п18;11х26;Пыльник силиконовый 11х26; 12,00грн. ;6гр.;6гр.;;Пыльник;Прочее;В;Украина;
п2;20х45х30;Пыльник силиконовый 20х45х30; 12,00грн. ;6гр.;6гр.;;Пыльник;Прочее;В;Украина;д
п2110к;;Патрубки радиатора 2110 (Комплект 4 шт.); 120,00грн. ;110гр.;110гр.;;Патрубки;ВАЗ-2110;В;Волгопромтранс;
п2140к;;Патрубки радиатора Москвич М-2140 (Комплект 4 шт.); 105,00грн. ;103гр.;103гр.;;Патрубки;Москвич М-412;В;Волгопромтранс;
п22;;Манжеты 22д пакован; 4,00грн. ;4гр.;4гр.;к;Ремкомплект;Москвич М-412;В;VIGO;
п22к;;Ремкомплектлект 22д (4 шт); 13,00грн. ;12гр.;11гр.;;Ремкомплект;Москвич М-412;В;Кременчугрезинотехника;
п24;;Манжеты 24д пакован; 4,00грн. ;4гр.;4гр.;к;Ремкомплект;Москвич М-412;В;VIGO;
п2410к;;Патрубки радиатора ГАЗ-2410 (Комплект 4шт.); 80,00грн. ;70гр.;70гр.;;Патрубки;ГАЗ-24;В;Волгопромтранс;
п24в;24-1303010;Патрубок радиатора Г-24 верх; 38,00грн. ;34гр.;34гр.;;Патрубки;ГАЗ-24;В;Украина;
п24к;;Патрубки радиатора ГАЗ-24 (Комплект 2 шт.); 80,00грн. ;73гр.;73гр.;к;Патрубки;ГАЗ-24;В;Украина;
п25;;Манжеты 25; -  грн. ;0гр.;0гр.;;Ремкомплект;Москвич М-412;В;Украина;
п3;14х29х20;Пыльник силиконовый 14х29; 12,00грн. ;6гр.;6гр.;;Пыльник;Прочее;В;Украина;д
п4;11х28х24;Пыльник силиконовый 13х28; 12,00грн. ;6гр.;6гр.;;Пыльник;Прочее;В;Украина;д
п412к;;Патрубки радиатора Москвич М-412 (Комплект 3 шт); 88,00грн. ;80гр.;80гр.;;Патрубки;Москвич М-412;В;Волгопромтранс;
п412т;412-1303030;Патрубок Москвич М-412 (верхний); 22,00грн. ;0гр.;0гр.;;Патрубки;Москвич М-412;В;Волгопромтранс;
п41к;;Патрубки радиатора Москвич М-2141 (Комплект); 54,00грн. ;52гр.;52гр.;;Патрубки;Москвич М-2141;В;Волгопромтранс;
п4331к;;Патрубки радиатора ЗИЛ-4331 (Комплект); 24,00грн. ;0гр.;0гр.;;Патрубки;Прочее;Г;Волгопромтранс;
п5;15х35х20;Пыльник силиконовый 15х35х34; 12,00грн. ;6гр.;6гр.;;Пыльник;Прочее;В;Украина;д
п52в;52-1303010-12;Патрубок радиатора ГАЗ-52 (верхний); 22,00грн. ;21гр.;21гр.;;Патрубки;Прочее;Г;Волгопромтранс;
п52к;;Патрубки радиатора ГАЗ-52 (Комплект); 45,00грн. ;42гр.;42гр.;;Патрубки;Прочее;Г;Волгопромтранс;
п52н;51П-1303025-30;Патрубок радиатора ГАЗ-52 нижний; 23,00грн. ;21гр.;21гр.;;Патрубки;Прочее;Г;Волгопромтранс;
п53в;53-1303010-12;Патрубок радиатора Г-53 верх; 40,00грн. ;0гр.;0гр.;;Патрубки;Прочее;Г;Волгопромтранс;
п53к;;Патрубки радиатора ГАЗ-53 (Комплект); 85,00грн. ;80гр.;80гр.;к;Патрубки;Прочее;Г;Волгопромтранс;
п53н;53-1303025;Патрубок радиатора Газ-53 ниж; 55,00грн. ;50гр.;50гр.;;Патрубки;Прочее;Г;Украина;
п6;15х31х20;Пыльник силиконовый 16х31; 12,00грн. ;6гр.;6гр.;;Пыльник;Прочее;В;Украина;д
п60;;Патрубок угол д60; 15,00грн. ;0гр.;0гр.;;Патрубки;Прочее;Г;Волгопромтранс;
п60в;;Патр.д60 длина 800; 40,00грн. ;0гр.;0гр.;;Патрубки;Прочее;Г;Волгопромтранс;
п60ф;;Патрубок на в\ф д60; 40,00грн. ;0гр.;0гр.;;Патрубки;Прочее;Г;Волгопромтранс;
п7;13х28х20;Пыльник силиконовый 13х28; 12,00грн. ;6гр.;6гр.;;Пыльник;Прочее;В;Украина;д
п75;;Патрубок д75; 22,00грн. ;0гр.;0гр.;;Патрубки;Прочее;Г;Волгопромтранс;
п8;14х31х20;Пыльник силиконовый 14х31; 12,00грн. ;6гр.;6гр.;;Пыльник;Прочее;В;Украина;д
п9;17х34х25;Пыльник силиконовый 17х34; 12,00грн. ;6гр.;6гр.;;Пыльник;Прочее;В;Украина;д
па41к;;Патруб.А41; 19,00грн. ;0гр.;0гр.;;Патрубки;Прочее;Г;Волгопромтранс;
пабн;;Подушка аморт. Богдан; -  грн. ;0гр.;0гр.;;Подушка;Прочее;Г;Украина;
пав;21-2905460;Подушка амортизатора ГАЗ-24 (верхняя)  (к-т 8 шт.); 14,00грн. ;13гр.;13гр.;;Втулка;ГАЗ-24;В;Украина;
паз1;;Ремкомплект глав торм ПАЗ; -  грн. ;0гр.;0гр.;;Ремкомплект;Прочее;Г;Украина;
палг;;Ремкомплект рулевых тяг (резинки с графитом); 12,00грн. ;11гр.;11гр.;;Ремкомплект;Москвич М-412;В;VIGO;
палп;;Ремкомплект вклад рулев тяг Москвич М-412 (полиурит); 12,00грн. ;11гр.;11гр.;;Ремкомплект;Москвич М-412;В;VIGO;
пам;408-2905450;Подушка переднего амортизатора Москвич М-412 (верхняя) (к-т 4 шт.); 6,00грн. ;6гр.;6гр.;;Втулка;Москвич М-412;В;Украина;
пар;402-3505027-А;Манжета главного тормозного цилиндра М-408 (парашютик); 1,00грн. ;1гр.;1гр.;;Манжета;Москвич М-412;В;Украина;
паук53;;Паук 53; 16,00грн. ;0гр.;0гр.;;Ремкомплект;Прочее;Г;Украина;
паук53з;;Паук 53 завод; 10,00грн. ;0гр.;0гр.;;Ремкомплект;Прочее;Г;Россия;
паукз;;Паук ЗИЛ; -  грн. ;0гр.;0гр.;;Ремкомплект;Прочее;Г;Украина;
паукзз;;Пруклаки коллектора ЗИЛ (завод); 12,00грн. ;0гр.;0гр.;;Ремкомплект;Прочее;Г;Россия;